2022-11-02,Marlins,• Paul Campbell (Alan),activated from 60-day IL
2022-11-04,White Sox,• Kyle Crick,activated from 60-day IL
2022-11-06,Astros,• Jason Castro,activated from 60-day IL
2022-11-06,Astros,• Michael Brantley,activated from 60-day IL
2022-11-06,Braves,• Adam Duvall,activated from 60-day IL
2022-11-06,Braves,• Darren O'Day,activated from 60-day IL
2022-11-06,Braves,• Luke Jackson,activated from 60-day IL
2022-11-06,Dodgers,• Kevin Pillar,activated from 60-day IL
2022-11-06,Giants,• Brandon Belt,activated from 60-day IL
2022-11-06,Giants,• Jose Alvarez (Ricardo),activated from 60-day IL
2022-11-06,Nationals,• Joe Ross (Andrew),activated from 60-day IL
2022-11-06,Nationals,• Sean Doolittle,activated from 60-day IL
2022-11-06,Nationals,• Will Harris,activated from 60-day IL
2022-11-06,Phillies,• Corey Knebel,activated from 60-day IL
2022-11-06,Pirates,• Roberto Perez (Andres),activated from 60-day IL
2022-11-06,Rays,• Mike Zunino,activated from 60-day IL
2022-11-06,Reds,• Justin Wilson (James),activated from 60-day IL
2022-11-06,Twins,• Sandy Leon,activated from 60-day IL
2022-11-06,Yankees,• Chad Green (Keith),activated from 60-day IL
2022-11-06,Yankees,• Zack Britton (Grant),activated from 60-day IL
2022-11-07,Padres,• Austin Adams (Lance),activated from 60-day IL
2022-11-07,Padres,• Drew Pomeranz,activated from 60-day IL
2022-11-07,Rockies,• Helcris Olivarez,activated from 60-day IL
2022-11-07,Rockies,• Ryan Rolison,activated from 60-day IL
2022-11-07,Rockies,• Scott Oberg,activated from 60-day IL
2022-11-07,Rockies,• Tyler Kinley,activated from 60-day IL
2022-11-07,Twins,• Miguel Sano,activated from 60-day IL
2022-11-08,Marlins,• Cody Poteet,activated from 60-day IL
2022-11-08,Reds,• Lucas Smith,activated from 60-day IL
2022-11-08,Athletics,• Dany Jimenez,activated from 60-day IL
2022-11-08,Athletics,• Daulton Jefferies,activated from 60-day IL
2022-11-08,Athletics,• Deolis Guerra,activated from 60-day IL
2022-11-08,Athletics,• Paul Blackburn,activated from 60-day IL
2022-11-08,Cardinals,• Alex Reyes,activated from 60-day IL
2022-11-08,Cardinals,• Drew VerHagen,activated from 60-day IL
2022-11-08,Dodgers,• Danny Duffy,activated from 60-day IL
2022-11-08,Dodgers,• Jimmy Nelson,activated from 60-day IL
2022-11-08,Marlins,• Jordan Holloway,activated from 60-day IL
2022-11-08,Reds,• Art Warren,activated from 60-day IL
2022-11-08,Reds,• Jeff Hoffman (Robert),activated from 60-day IL
2022-11-08,Reds,• Joey Votto,activated from 60-day IL
2022-11-08,Reds,• Lucas Sims,activated from 60-day IL
2022-11-08,Reds,• Mike Moustakas,activated from 60-day IL
2022-11-08,Reds,• Nick Senzel,activated from 60-day IL
2022-11-08,Reds,• Tejay Antone,activated from 60-day IL
2022-11-08,Reds,• Tony Santillan,activated from 60-day IL
2022-11-08,Reds,• Tyler Stephenson,activated from 60-day IL
2022-11-08,Reds,• Vladimir Gutierrez,activated from 60-day IL
2022-11-09,Brewers,• Alex Jackson,activated from 60-day IL
2022-11-09,Diamondbacks,• Humberto Castellanos,activated from 60-day IL
2022-11-09,Diamondbacks,• Nick Ahmed,activated from 60-day IL
2022-11-09,Diamondbacks,• Tyler Gilbert,activated from 60-day IL
2022-11-09,Dodgers,• Daniel Hudson,activated from 60-day IL
2022-11-09,Dodgers,• Victor Gonzalez (Aaron),activated from 60-day IL
2022-11-09,Dodgers,• Walker Buehler,activated from 60-day IL
2022-11-09,White Sox,• Danny Mendick,activated from 60-day IL
2022-11-09,White Sox,• Garrett Crochet,activated from 60-day IL
2022-11-09,White Sox,• Jonathan Stiever,activated from 60-day IL
2022-11-10,Angels,• Andrew Velazquez,activated from 60-day IL
2022-11-10,Angels,• Chris Rodriguez (b. 1998-07-20),activated from 60-day IL
2022-11-10,Angels,• Griffin Canning,activated from 60-day IL
2022-11-10,Angels,• Jared Walsh,activated from 60-day IL
2022-11-10,Angels,• Jhonathan Diaz,activated from 60-day IL
2022-11-10,Astros,• Josh James,activated from 60-day IL
2022-11-10,Blue Jays,• Hyun Jin Ryu / Hyun-Jin Ryu,activated from 60-day IL
2022-11-10,Blue Jays,• Vinny Capra,activated from 60-day IL
2022-11-10,Braves,• Huascar Ynoa,activated from 60-day IL
2022-11-10,Braves,• Manuel Pina / Manny Pina,activated from 60-day IL
2022-11-10,Cubs,• Alec Mills,activated from 60-day IL
2022-11-10,Cubs,• Brad Wieck,activated from 60-day IL
2022-11-10,Cubs,• Codi Heuer,activated from 60-day IL
2022-11-10,Cubs,• Ethan Roberts,activated from 60-day IL
2022-11-10,Cubs,• Jason Heyward,activated from 60-day IL
2022-11-10,Cubs,• Kyle Hendricks,activated from 60-day IL
2022-11-10,Cubs,• Rafael Ortega,activated from 60-day IL
2022-11-10,Dodgers,• Jacob Amaya,activated from 60-day IL
2022-11-10,Giants,• Alex Wood,activated from 60-day IL
2022-11-10,Giants,• Anthony DeSclafani,activated from 60-day IL
2022-11-10,Giants,• Colton Welker,activated from 60-day IL
2022-11-10,Giants,• Donovan Walton / Donnie Walton,activated from 60-day IL
2022-11-10,Giants,• Gregory Santos,activated from 60-day IL
2022-11-10,Giants,• Mauricio Llovera,activated from 60-day IL
2022-11-10,Giants,• Sam Delaplane,activated from 60-day IL
2022-11-10,Giants,• Sam Long,activated from 60-day IL
2022-11-10,Guardians,• Anthony Gose,activated from 60-day IL
2022-11-10,Mariners,• Tom Murphy (James),activated from 60-day IL
2022-11-10,Marlins,• Anthony Bender,activated from 60-day IL
2022-11-10,Marlins,• Jazz Chisholm Jr.,activated from 60-day IL
2022-11-10,Marlins,• Jorge Soler,activated from 60-day IL
2022-11-10,Marlins,• Max Meyer,activated from 60-day IL
2022-11-10,Mets,• Joey Lucchesi,activated from 60-day IL
2022-11-10,Mets,• John Curtiss,activated from 60-day IL
2022-11-10,Mets,• Sean Reid-Foley,activated from 60-day IL
2022-11-10,Nationals,• Carter Kieboom,activated from 60-day IL
2022-11-10,Nationals,• Evan Lee,activated from 60-day IL
2022-11-10,Nationals,• Jackson Tetreault,activated from 60-day IL
2022-11-10,Nationals,• Stephen Strasburg,activated from 60-day IL
2022-11-10,Nationals,• Tanner Rainey,activated from 60-day IL
2022-11-10,Nationals,• Yadiel Hernandez,activated from 60-day IL
2022-11-10,Orioles,• John Means,activated from 60-day IL
2022-11-10,Padres,• Fernando Tatis Jr.,activated from 60-day IL
2022-11-10,Phillies,• James McArthur,activated from 60-day IL
2022-11-10,Phillies,• Simon Muzziotti,activated from 60-day IL
2022-11-10,Pirates,• Blake Cederlind,activated from 60-day IL
2022-11-10,Pirates,• Canaan Smith-Njigba,activated from 60-day IL
2022-11-10,Pirates,• Colin Holderman,activated from 60-day IL
2022-11-10,Pirates,• Max Kranick,activated from 60-day IL
2022-11-10,Pirates,• Yerry De Los Santos,activated from 60-day IL
2022-11-10,Rangers,• Brad Miller (Austin),activated from 60-day IL
2022-11-10,Rangers,• Eli White (Thomas),activated from 60-day IL
2022-11-10,Rangers,• Josh Sborz,activated from 60-day IL
2022-11-10,Rangers,• Mitch Garver,activated from 60-day IL
2022-11-10,Rays,• Andrew Kittredge,activated from 60-day IL
2022-11-10,Rays,• Brandon Lowe (Norman),activated from 60-day IL
2022-11-10,Rays,• Brendan McKay,activated from 60-day IL
2022-11-10,Rays,• J.P. Feyereisen,activated from 60-day IL
2022-11-10,Rays,• Kevin Kiermaier,activated from 60-day IL
2022-11-10,Rays,• Nick Anderson (Paul),activated from 60-day IL
2022-11-10,Rays,• Ryan Thompson (Scott),activated from 60-day IL
2022-11-10,Rays,• Shane Baz (Austin),activated from 60-day IL
2022-11-10,Red Sox,• Chris Sale,activated from 60-day IL
2022-11-10,Red Sox,• Franchy Cordero,activated from 60-day IL
2022-11-10,Red Sox,• James Paxton,activated from 60-day IL
2022-11-10,Red Sox,• Josh Taylor (Earl),activated from 60-day IL
2022-11-10,Red Sox,• Tanner Houck,activated from 60-day IL
2022-11-10,Royals,• Angel Zerpa,activated from 60-day IL
2022-11-10,Royals,• Jake Brentz,activated from 60-day IL
2022-11-10,Royals,• Raul Mondesi (Adalberto) / Adalberto Mondesi,activated from 60-day IL
2022-11-10,Tigers,• Austin Meadows,activated from 60-day IL
2022-11-10,Tigers,• Beau Brieske,activated from 60-day IL
2022-11-10,Tigers,• Casey Mize,activated from 60-day IL
2022-11-10,Tigers,• Jake Rogers (Ray),activated from 60-day IL
2022-11-10,Tigers,• Kyle Funkhouser,activated from 60-day IL
2022-11-10,Tigers,• Matt Manning,activated from 60-day IL
2022-11-10,Tigers,• Rony Garcia,activated from 60-day IL
2022-11-10,Tigers,• Sean Guenther,activated from 60-day IL
2022-11-10,Tigers,• Spencer Turnbull,activated from 60-day IL
2022-11-10,Tigers,• Tarik Skubal,activated from 60-day IL
2022-11-10,Twins,• Alex Kirilloff,activated from 60-day IL
2022-11-10,Twins,• Chris Paddack,activated from 60-day IL
2022-11-10,Twins,• Cody Stashak,activated from 60-day IL
2022-11-10,Twins,• Jorge Alcala,activated from 60-day IL
2022-11-10,Twins,• Kenta Maeda,activated from 60-day IL
2022-11-10,Twins,• Kyle Garlick,activated from 60-day IL
2022-11-10,Twins,• Royce Lewis,activated from 60-day IL
2022-11-10,Twins,• Trevor Larnach,activated from 60-day IL
2022-11-10,Yankees,• Luis Gil (Angel),activated from 60-day IL
2022-11-10,Yankees,• Michael King (McRae),activated from 60-day IL
2022-11-10,Yankees,• Stephen Ridings,activated from 60-day IL
2022-11-10,Reds,• Nick Solak,activated from 60-day IL
2023-02-16,Angels,,placed on 60-day IL with strained right shoulder
2023-02-16,Dodgers,,placed on 60-day IL recovering from surgery on right shoulder (out for season)
2023-02-16,Dodgers,,placed on 60-day IL recovering from surgery on right shoulder (out for season)
2023-02-16,Dodgers,,"placed on 60-day IL recovering from ligament replacement (""Tommy John"") surgery and surgery to repair flexor tendon in right elbow (out for season)"
2023-02-16,Padres,,placed on 60-day IL with fractured left ankle
2023-02-16,Rays,,placed on 60-day IL with right elbow injury
2023-02-16,Red Sox,,placed on 60-day IL recovering from surgery on right elbow to repair UCL injury
2023-02-17,Cubs,,"placed on 60-day DL recovering from ligament replacement (""Tommy John"") surgery on right elbow (out for season)"
2023-02-17,Rangers,,placed on 60-day IL recovering from surgery on left shoulder (out for season)
2023-02-17,Rays,• Andrew Kittredge,rescinded placement on 60-day IL
2023-02-17,Tigers,,"placed on 60-day IL recovering from ligament replacement (""Tommy John"") surgery on right elbow (out for season)"
2023-02-18,Brewers,,placed on 60-day IL with strained rotator cuff in right shoulder
2023-02-22,Reds,,"placed on 60-day DL recovering from ligament replacement (""Tommy John"") surgery on right elbow (out for season)"
2023-02-23,Twins,,"placed on 60-day IL recovering from ligament replacement (""Tommy John"") surgery on right elbow"
2023-02-26,Twins,,placed on 60-day IL recovering from surgery on right knee to repair partially torn ACL
2023-03-04,Rockies,,placed on 60-day IL with torn flexor in right elbow
2023-03-08,Pirates,,"placed on 60-day IL recovering from ligament replacement (""Tommy John"") surgery on right elbow"
2023-03-14,Tigers,,placed on 60-day IL recovering from surgery on left elbow to repair flexor tendon
2023-03-15,Marlins,,"placed on 60-day IL recovering from ligament replacement (""Tommy John"") surgery on right elbow (out for season)"
2023-03-15,Rays,,"placed on 60-day IL recovering from ligament replacement (""Tommy John"") surgery on right elbow"
2023-03-15,Royals,,placed on 60-day IL with left shoulder tendinopathy
2023-03-21,Rockies,,"placed on 60-day IL with ligament replacement (""Tommy John"") surgery on left elbow (out for season)"
2023-03-25,Rockies,,placed on 60-day IL with torn labrum in right shoulder (surgery)
2023-03-25,Rockies,,placed on 60-day IL with strained left shoulder (surgery)
2023-03-25,Rockies,,placed on 60-day IL with ruptured left bicep (surgery)
2023-03-26,Athletics,,placed on 60-day IL with strained left shoulder
2023-03-27,Tigers,,placed on 60-day IL with tightness in right elbow (out for season)
2023-03-29,Angels,,placed on 60-day IL with stress reaction in right elbow
2023-03-29,Blue Jays,,"placed on 60-day IL recovering from ligament replacement (""Tommy John"") surgery on right elbow"
2023-03-29,Phillies,,placed on 60-day IL with torn ACL in left knee (surgery) (out for season)
2023-03-30,Braves,,"placed on 60-day IL recovering from ligament replacement (""Tommy John"") surgery on right elbow (out for season)"
2023-03-30,Braves,,placed on 60-day IL with strained right oblique muscle
2023-03-30,Braves,,"placed on 60-day IL recovering from ligament replacement (""Tommy John"") surgery on left elbow (out for season)"
2023-03-30,Dodgers,,"placed on 60-day IL recovering from surgery on right knee to repair torn ACL, damaged LCL (out for season)"
2023-03-30,Giants,,placed on 60-day IL recovering from surgery on lower back to repair herniated disc
2023-03-30,Giants,,"placed on 15-day / 60-day IL recovering from ligament replacement (""Tommy John"") surgery on right elbow"
2023-03-30,Giants,,placed on 60-day IL with neuropathy in left arm (out for season)
2023-03-30,Guardians,,placed on 60-day IL with strained right teres major
2023-03-30,Marlins,,"placed on 60-day IL recovering from ligament replacement (""Tommy John"") surgery on right elbow (out for season)"
2023-03-30,Mets,,placed on 60-day IL recovering from surgery on right knee to repair ruptured patellar tendon (out for season)
2023-03-30,Nationals,,"placed on 60-day IL recovering from ligament replacement (""Tommy John"") surgery on right elbow (out for season)"
2023-03-30,Nationals,,placed on 60-day IL with thoracic outlet syndrome (out for season)
2023-03-30,Nationals,,"placed on 60-day IL recovering from ligament replacement (""Tommy John"") surgery on right elbow"
2023-03-30,Nationals,,placed on 60-day IL with right shoulder impingement (out for season)
2023-03-30,Orioles,,"placed on 60-day IL recovering from ligament replacement (""Tommy John"") surgery on left elbow"
2023-03-30,Padres,,placed on 60-day IL with sprained left elbow
2023-03-30,Phillies,,placed on 60-day IL with fractured right hamate bone
2023-03-30,Pirates,,placed on 60-day IL with strained left biceps (out for season)
2023-03-30,Rangers,,placed on 60-day IL with tightness in right lat muscle / strained right shoulder
2023-03-30,Rangers,,placed on 60-day IL with right arm fatigue / right shoulder fatigue (out for season)
2023-03-30,Red Sox,,placed on 60-day IL recovering from surgery on left knee to repair torn ACL (out for season)
2023-03-30,Reds,,placed on 60-day IL with strained rotator cuff in right shoulder (out for season)
2023-03-30,Reds,,placed on 60-day IL with strained flexor in right forearm
2023-03-30,Royals,,"placed on 60-day IL recovering from ligament replacement (""Tommy John"") surgery on left elbow"
2023-03-30,Yankees,,"placed on 60-day IL recovering from ligament replacement (""Tommy John"") surgery on right elbow (out for season)"
2023-03-30,Yankees,,"placed on 60-day IL recovering from ligament replacement (""Tommy John"") surgery on right elbow (out for season)"
2023-03-30,Royals,,placed on 60-day IL with dislocated right shoulder
2023-03-31,Diamondbacks,,transferred to 60-day IL with right lat tendon avulsion (out for season)
2023-04-01,Brewers,,"transferred to 60-day IL recovering from ligament replacement (""Tommy John"") surgery on left elbow"
2023-04-01,Giants,,"transferred to 60-day IL recovering from ligament replacement (""Tommy John"") surgery on right elbow"
2023-04-02,Pirates,,transferred to 60-day IL with discomfort in right elbow (out for season)
2023-04-03,Marlins,,transferred to 60-day IL with Hodgkins lymphoma
2023-04-03,Yankees,,transferred to 60-day IL recovering from arthroscopic surgery on right shoulder
2023-04-04,Mets,,"transferred to 60-day IL recovering from ligament replacement (""Tommy John"") surgery on right elbow (out for season)"
2023-04-05,Blue Jays,,"transferred to 60-day IL recovering from ligament replacement (""Tommy John"") surgery on left elbow"
2023-04-06,Mets,,transferred to 60-day IL with strained right lat
2023-04-06,Twins,,placed on 60-day IL
2023-04-08,Giants,,placed on 60-day IL with strained rotator cuff in right shoulder (out for season)
2023-04-08,Yankees,,transferred to 60-day IL with right biceps tendinitis
2023-04-09,Brewers,,transferred to 60-day IL with torn labrum in left shoulder (out for season)
2023-04-09,Diamondbacks,,transferred to 60-day IL with strained right shoulder
2023-04-09,Diamondbacks,,transferred to 60-day IL with strained right shoulder (out for season)
2023-04-09,Mariners,,placed on 60-day IL with strained adductor in left groin (out for season)
2023-04-10,Guardians,,transferred to 60-day IL with strained right teres major
2023-04-10,Rangers,,transferred to 60-day IL with right arm fatigue / strained right lat
2023-04-11,Mets,,transferred to 60-day IL recovering from bone graft surgery on rib
2023-04-11,Pirates,,transferred to 60-day IL with fractured left ankle (out for season)
2023-04-13,Athletics,,transferred to 60-day IL with strained right shoulder / discomfort in right arm
2023-04-13,Rays,,"transferred to 60-day IL recovering from ligament replacement (""Tommy John"") surgery on right elbow (out for season)"
2023-04-13,Twins,,transferred to 60-day IL recovering from surgery on left thumb to repair ruptured UCL
2023-04-14,White Sox,,transferred to 60-day IL with strained right forearm (out for season)
2023-04-15,Angels,,transferred to 60-day IL recovering from surgery on right shoulder (out for season)
2023-04-16,Dodgers,,transferred to 60-day IL recovering from surgery on right shoulder to repair torn labrum (out for season)
2023-04-16,Red Sox,,transferred to 60-day IL with right elbow inflammation (out for season)
2023-04-16,Red Sox,,transferred to 60-day IL with right elbow inflammation
2023-04-17,Rays,,transferred to 60-day IL with tightness in neck / strained neck
2023-04-18,Brewers,,transferred to 60-day IL with strained left hamstring
2023-04-18,Dodgers,,transferred to 60-day IL recovering from surgery on left knee to repair torn ACL
2023-04-19,Athletics,,transferred to 60-day IL with strained right shoulder
2023-04-20,Padres,,transferred to 60-day IL with right elbow inflammation
2023-04-21,Dodgers,,transferred to 60-day IL with strained left oblique
2023-04-22,Marlins,,transferred to 60-day IL with strained right shoulder
2023-04-22,Rays,,"transferred to 60-day IL with ligament replacement (""Tommy John"") surgery on left elbow (out for season)"
2023-04-23,Pirates,,transferred to 60-day IL with strained left Achilles tendon
2023-04-28,Reds,,"transferred to 60-day IL with stress fracture in lower back, arm fatigue / strained right knee / various injuries"
2023-04-29,Angels,,transferred to 60-day IL with torn labrum in left shoulder / left shoulder inflammation
2023-04-29,Pirates,,transferred to 60-day IL with discomfort in right shoulder
2023-04-29,Tigers,,transferred to 60-day IL with fractured right toe
2023-04-29,Yankees,,transferred to 60-day IL with strained ligament in right elbow (out for season)
2023-04-30,Brewers,,transferred to 60-day IL with left shoulder subluxation
2023-05-01,Mets,,transferred to 60-day IL with strained right lat / discomfort in right shoulder
2023-05-01,Tigers,,transferred to 60-day IL with anxiety disorder (out for season)
2023-05-03,Royals,,"transferred to 60-day IL recovering from ligament replacement (""Tommy John"") surgery on left elbow (out for season)"
2023-05-04,Mets,,transferred to 60-day IL with strained left calf
2023-05-05,Cardinals,,transferred to 60-day IL with surgery on right shoulder (out for season)
2023-05-05,Twins,,transferred to 60-day IL with posterior impingement and strained flexor pronator in right arm (out for season)
2023-05-06,Red Sox,,transferred to 60-day IL with fractured distal radius bone in left wrist
2023-05-08,Angels,,"transferred to 60-day IL with ligament replacement (""Tommy John"") surgery on left elbow (out for season)"
2023-05-10,Mets,,transferred to 60-day IL with strained right shoulder
2023-05-11,Athletics,,transferred to 60-day IL with sprained left wrist / left wrist inflammation
2023-05-11,Yankees,,transferred to 60-day IL with right elbow inflammation / bone spurs in right elbow
2023-05-12,Rays,,placed on 60-day IL with strained right flexor (out for season)
2023-05-12,Rays,,transferred to 60-day IL with sprained right knee (out for season)
2023-05-14,Reds,,transferred to 60-day IL with strained right elbow (out for season)
2023-05-14,Reds,,transferred to 60-day IL with stress reaction in left elbow (out for season)
2023-05-15,Braves,,transferred to 60-day IL with right shoulder inflammation / strained right shoulder
2023-05-15,Brewers,,transferred to 60-day IL with right shoulder inflammation
2023-05-15,Padres,,transferred to 60-day IL recovering from surgery on left forearm to repair flexor tendon (out for season)
2023-05-15,Reds,,transferred to 60-day IL recovering from surgery on left shoulder to repair torn rotator cuff
2023-05-15,Cubs,,transferred to 60-day IL recovering from surgery on right knee to repair meniscus (meniscal debridement)
2023-05-16,Tigers,,transferred to 60-day IL with discomfort in right upper arm
2023-05-17,Cardinals,,transferred to 60-day IL with strained left forearm (out for season)
2023-05-17,Dodgers,,"transferred to 60-day IL recovering from ligament replacement (""Tommy John"") surgery on right elbow / right elbow inflammation (out for season)"
2023-05-17,Royals,,"transferred to 60-day IL with head injury, facial fractures"
2023-05-19,Rockies,,"transferred to 60-day IL recovering from ligament replacement (""Tommy John"") surgery on right elbow (out for season)"
2023-05-19,Braves,,transferred to 60-day IL with strained left shoulder / right elbow inflammation
2023-05-19,Giants,,placed on 60-day IL with strained right oblique
2023-05-19,Mets,,transferred to 60-day IL with sprained right thumb / back spasms
2023-05-20,Diamondbacks,,transferred to 60-day IL with fractured right forearm
2023-05-20,Phillies,,transferred to 60-day IL with sprained right thumb
2023-05-23,Blue Jays,,transferred to 60-day IL with right elbow inflammation
2023-05-23,Dodgers,,transferred to 60-day IL with strained flexor pronator in right forearm (out for season)
2023-05-23,Marlins,,transferred to 60-day IL with right biceps tendinitis / tightness in right biceps
2023-05-26,Dodgers,,transferred to 60-day IL with right shoulder impingement syndrome (out for season)
2023-05-26,Phillies,,transferred to 60-day IL with strained lower back
2023-05-28,Angels,,"transferred to 60-day IL recovering from ligament replacement (""Tommy John"") surgery on right elbow (out for season)"
2023-05-29,Rockies,,transferred to 60-day IL with fractured skull
2023-05-29,Twins,,transferred to 60-day IL with fractured tibia in right leg (out for season)
2023-05-29,Marlins,• Nic Enright,activated from 60-day IL
2023-05-29,Rockies,• Ryan Rolison,activated from 60-day IL
2023-05-29,Twins,• Royce Lewis,activated from 60-day IL
2023-05-30,Giants,• Luke Jackson,activated from 60-day IL
2023-05-31,Tigers,,transferred to 60-day IL with right shoulder tendinitis
2023-06-01,Yankees,,transferred to 60-day IL with strained left forearm
2023-06-01,Yankees,• Tommy Kahnle,activated from 60-day IL
2023-06-02,Padres,,transferred to 60-day IL with sprained/strained left thumb
2023-06-03,Guardians,,transferred to 60-day IL with right shoulder inflammation
2023-06-03,Mariners,,"transferred to 60-day IL recovering from ligament replacement (""Tommy John"") surgery on right elbow (out for season)"
2023-06-03,Orioles,,transferred to 60-day IL with strained flexor in right forearm (out for season)
2023-06-03,Reds,,transferred to 60-day IL with left calf tendinitis (out for season)
2023-06-03,Rays,• Shawn Armstrong,activated from 60-day IL
2023-06-04,Guardians,• Triston McKenzie,activated from 60-day IL
2023-06-05,Angels,,placed on 60-day IL
2023-06-05,Astros,,"transferred to 60-day IL recovering from ligament replacement (""Tommy John"") surgery on right elbow (out for season)"
2023-06-05,Braves,,transferred to 60-day IL with strained left forearm
2023-06-05,Brewers,,transferred to 60-day IL with laceration in right knee / fractured patella in right knee (out for season)
2023-06-05,Rangers,,transferred to 60-day IL with right elbow inflammation (out for season)
2023-06-05,Brewers,• Luis Urias,activated from 60-day IL
2023-06-05,Mets,• Omar Narvaez,activated from 60-day IL
2023-06-05,Rangers,• Spencer Howard,activated from 60-day IL
2023-06-06,Padres,• Adrian Morejon,activated from 60-day IL
2023-06-07,Yankees,,transferred to 60-day IL with strained right forearm (out for season)
2023-06-09,Red Sox,,transferred to 60-day IL with left shoulder inflammation
2023-06-09,Tigers,,transferred to 60-day IL with discomfort in neck
2023-06-09,Blue Jays,• Mitch White,activated from 60-day IL
2023-06-09,Red Sox,• Adam Duvall,activated from 60-day IL
2023-06-10,Angels,,transferred to 60-day IL with various injuries / strained left hip
2023-06-10,Rays,,transferred to 60-day IL with sore left elbow / left elbow inflammation
2023-06-11,Dodgers,,transferred to 60-day IL with strained left oblique
2023-06-11,Rockies,,transferred to 60-day IL with sprained UCL in right elbow / strained right elbow (surgery) (out for season)
2023-06-11,Guardians,• Cody Morris,activated from 60-day IL
2023-06-12,Mariners,,"transferred to 60-day IL recovering from ligament replacement (""Tommy John"") surgery on left elbow (out for season)"
2023-06-12,Diamondbacks,• Carson Kelly,activated from 60-day IL
2023-06-13,Cubs,,transferred to 60-day IL recovering from appendectomy (out for season)
2023-06-14,Marlins,,transferred to 60-day IL with strained left biceps (out for season)
2023-06-15,Mets,• Stephen Ridings,activated from 60-day IL
2023-06-16,Cardinals,,transferred to 60-day IL with strained lower back
2023-06-17,Astros,,"transferred to 60-day IL recovering from surgery on right forearm to removed bone spur, repair flexor tendon (out for season)"
2023-06-18,Royals,,transferred to 60-day IL with torn labrum in right shoulder (surgery) (out for season)
2023-06-18,Twins,,transferred to 60-day IL with stress fracture in right forearm
2023-06-18,Twins,• Gilberto Celestino,activated from 60-day IL
2023-06-19,Phillies,• Darick Hall,activated from 60-day IL
2023-06-19,Reds,• Joey Votto,activated from 60-day IL
2023-06-20,Angels,,transferred to 60-day IL with strained left shoulder
2023-06-20,Athletics,,transferred to 60-day IL with stomach illness / various injuries (out for season)
2023-06-20,Phillies,• Rafael Marchan,activated from 60-day IL
2023-06-21,Athletics,,transferred to 60-day IL with strained flexor tendon in right elbow (out for season)
2023-06-22,Giants,,transferred to 60-day IL recovering from surgery on right forearm to repair fractured ulna
2023-06-22,Red Sox,,transferred to 60-day IL with strained right teres major / tightness in right lat
2023-06-22,Red Sox,,transferred to 60-day IL with fractured hamate bone in left wrist
2023-06-23,Astros,,transferred to 60-day IL with discomfort in right shoulder
2023-06-23,Astros,,transferred to 60-day IL recovering from surgery on right shoulder
2023-06-23,Pirates,,transferred to 60-day IL recovering from surgery on right elbow to repair UCL (out for season)
2023-06-24,Angels,,transferred to 60-day IL with fractured left pelvis (out for season)
2023-06-27,Cubs,,transferred to 60-day IL with left knee inflammation (out for season)
2023-06-27,Tigers,,"placed on 60-day DL with ligament replacement (""Tommy John"") surgery on left elbow (out for season)"
2023-06-27,Tigers,• Matt Manning,activated from 60-day IL
2023-06-28,Braves,• Kolby Allard,activated from 60-day IL
2023-06-30,Athletics,,transferred to 60-day IL with tightness in right forearm / sprained UCL in right elbow
2023-06-30,Braves,,transferred to 60-day IL with left shoulder inflammation
2023-06-30,Athletics,• Kirby Snead,activated from 60-day IL
2023-06-30,Dodgers,• Daniel Hudson,activated from 60-day IL
2023-06-30,Rangers,• Glenn Otto,activated from 60-day IL
2023-07-01,Orioles,,transferred to 60-day IL with right shoulder inflammation
2023-07-02,White Sox,,transferred to 60-day IL with right shoulder inflammation (out for season)
2023-07-03,Mets,,transferred to 60-day IL with sprained left ankle
2023-07-03,Royals,,transferred to 60-day IL with left shoulder impingement (out for season)
2023-07-03,Mets,• Elieser Hernandez,activated from 60-day IL
2023-07-03,Royals,• Diego Hernandez (b. 2000-11-21),activated from 60-day IL
2023-07-04,Cubs,,transferred to 60-day IL with strained right forearm
2023-07-04,Tigers,,placed on 60-day IL with strained left lat/shoulder (out for season)
2023-07-04,Athletics,• Manuel Pina / Manny Pina,activated from 60-day IL
2023-07-04,Tigers,• Tarik Skubal,activated from 60-day IL
2023-07-05,Mariners,,transferred to 60-day IL with UCL injury in right elbow / right elbow inflammation (out for season)
2023-07-06,Guardians,,transferred to 60-day IL with sprained right elbow
2023-07-06,Reds,• Tony Santillan,activated from 60-day IL
2023-07-07,Yankees,,transferred to 60-day IL with strained rotator cuff in left shoulder
2023-07-07,Pirates,• Ji Man Choi / Ji-Man Choi,activated from 60-day IL
2023-07-07,Red Sox,• Yu-Cheng Chang / Yu Chang,activated from 60-day IL
2023-07-07,Yankees,• Carlos Rodon,activated from 60-day IL
2023-07-08,Athletics,,transferred to 60-day IL with Raynaud's syndrome (out for season)
2023-07-08,Diamondbacks,,transferred to 60-day IL with right elbow inflammation (out for season)
2023-07-08,Athletics,• Freddy Tarnok,activated from 60-day IL
2023-07-08,Brewers,• Jason Alexander,activated from 60-day IL
2023-07-08,Tigers,• Beau Brieske,activated from 60-day IL
2023-07-09,Royals,• Ryan Yarbrough,activated from 60-day IL
2023-07-09,Tigers,• Trey Wingenter,activated from 60-day IL
2023-07-10,Marlins,,transferred to 60-day IL with sprained right knee (out for season)
2023-07-10,Marlins,• Johnny Cueto,activated from 60-day IL
2023-07-12,Dodgers,,transferred to 60-day IL with sprained MCL in right knee (out for season)
2023-07-13,Braves,,placed on 60-day IL with strained right shoulder (out for season)
2023-07-14,Dodgers,,transferred to 60-day IL with pain in neck
2023-07-14,Royals,,transferred to 60-day IL with strained neck (out for season)
2023-07-14,Mets,• Jose Quintana (Guillermo),activated from 60-day IL
2023-07-14,Rockies,,placed on 60-day IL recovering from surgery on left shoulder (out for season)
2023-07-14,Royals,• Angel Zerpa,activated from 60-day IL
2023-07-18,Braves,,placed on 60-day IL with left shoulder nerve inflammation (out for season)
2023-07-18,Padres,,transferred to 60-day IL with sore/strained right elbow (out for season)
2023-07-18,Giants,,placed on 60-day IL with sprained right elbow (out for season)
2023-07-18,Giants,• Heliot Ramos,activated from 60-day IL
2023-07-18,Padres,• Luis Campusano-Bracero (Genaro),activated from 60-day IL
2023-07-19,Blue Jays,,transferred to 60-day IL with right shoulder impingement (out for season)
2023-07-19,Nationals,,transferred to 60-day IL with fractured right finger
2023-07-19,Pirates,• Wil Crowe,activated from 60-day IL
2023-07-20,Yankees,,transferred to 60-day IL with strained right calf
2023-07-20,Cardinals,• Tyler O'Neill,activated from 60-day IL
2023-07-20,Padres,• Robert Suarez,activated from 60-day IL
2023-07-23,Braves,,transferred to 60-day IL with bruised left shin
2023-07-24,Cardinals,,transferred to 60-day IL with strained right forearm
2023-07-24,Guardians,,transferred to 60-day IL with strained right forearm / right forearm irritation
2023-07-24,Cubs,• Adrian Sampson,activated from 60-day IL
2023-07-25,Pirates,,placed on 60-day IL with torn ACL in right knee (out for season)
2023-07-25,Red Sox,• John Schreiber,activated from 60-day IL
2023-07-26,Mariners,,transferred to 60-day IL with strained left forearm (out for season)
2023-07-26,Nationals,,transferred to 60-day IL with back spasms in lumbar spine (out for season)
2023-07-26,Red Sox,,transferred to 60-day IL with right elbow inflammation (out for season)
2023-07-27,Angels,,transferred to 60-day IL with ulnar neuritis
2023-07-28,Marlins,,transferred to 60-day IL with left hip impingement (out for season)
2023-07-28,Brewers,,transferred to 60-day IL with nerve irritation in left shoulder
2023-07-28,Brewers,• Justin Wilson (James),activated from 60-day IL
2023-07-28,White Sox,,placed on 60-day IL with strained left oblique
2023-07-29,Phillies,• Noah Song,activated from 60-day IL
2023-07-30,Diamondbacks,• Cole Sulser,activated from 60-day IL
2023-07-31,Angels,,transferred to 60-day IL with multiple facial fractures (out for season)
2023-07-31,Giants,,transferred to 60-day IL with strained right lat
2023-07-31,Reds,,transferred to 60-day IL with pain in right hip
2023-07-31,Rockies,• Brendan Rodgers,activated from 60-day IL
2023-08-01,Angels,,transferred to 60-day IL with strained left oblique
2023-08-01,Angels,,transferred to 60-day IL with right shoulder inflammation (out for season)
2023-08-01,Yankees,,transferred to 60-day IL with surgery on right wrist (out for season)
2023-08-01,Blue Jays,,placed on 60-day IL with strained left oblique (out for season)
2023-08-01,Blue Jays,• Hyun Jin Ryu / Hyun-Jin Ryu,activated from 60-day IL
2023-08-01,Rockies,• Tyler Kinley,activated from 60-day IL
2023-08-02,Diamondbacks,,placed on 60-day IL with fractured right ankle (out for season)
2023-08-02,Dodgers,• Ryan Pepiot,activated from 60-day IL
2023-08-03,Twins,,"transferred to 60-day IL recovering from ligament replacement (""Tommy John"") surgery on right elbow (out for season)"
2023-08-03,Guardians,• Peyton Battenfield,activated from 60-day IL
2023-08-03,White Sox,• Trayce Thompson,activated from 60-day IL
2023-08-04,Twins,,transferred to 60-day IL with soreness in right elbow / right elbow tendinitis
2023-08-04,Braves,• Max Fried,activated from 60-day IL
2023-08-04,Padres,• Eguy Rosario,activated from 60-day IL
2023-08-05,Athletics,• Dany Jimenez,activated from 60-day IL
2023-08-05,Yankees,• Nestor Cortes Jr.,activated from 60-day IL
2023-08-06,Astros,• Jose Urquidy,activated from 60-day IL
2023-08-06,Brewers,• Brandon Woodruff,activated from 60-day IL
2023-08-06,Nationals,• Israel Pineda,activated from 60-day IL
2023-08-07,Brewers,,transferred to 60-day IL with strained left lat (out for season)
2023-08-07,Orioles,,transferred to 60-day IL with discomfort in right elbow
2023-08-07,Brewers,• Bennett Sousa,activated from 60-day IL
2023-08-07,Giants,• Luis Gonzalez (b. 1995-09-10),activated from 60-day IL
2023-08-07,Yankees,• Jonathan Loaisiga,activated from 60-day IL
2023-08-08,Red Sox,• Trevor Story,activated from 60-day IL
2023-08-10,White Sox,,"transferred to 60-day IL recovering from ligament replacement (""Tommy John"") surgery on right elbow (out for season)"
2023-08-11,Red Sox,• Chris Sale,activated from 60-day IL
2023-08-12,Rays,,transferred to 60-day IL with tightness in left forearm (surgery) (out for season)
2023-08-12,Mets,• Tim Locastro,activated from 60-day IL
2023-08-12,Rays,• Josh Fleming,activated from 60-day IL
2023-08-13,Mets,,transferred to 60-day IL with strained right pectoral muscle (out for season)
2023-08-13,Mets,• Edwin Uceta,activated from 60-day IL
2023-08-13,Orioles,• Mychal Givens,activated from 60-day IL
2023-08-14,Giants,,transferred to 60-day IL with strained flexor in right elbow
2023-08-14,Padres,,transferred to 60-day IL with right elbow inflammation (out for season)
2023-08-14,Mets,,placed on 60-day IL with loose bodies in right elbow (out for season)
2023-08-14,Mets,• Sam Coonrod,activated from 60-day IL
2023-08-14,Rockies,• Sean Bouchard,activated from 60-day IL
2023-08-15,Dodgers,,transferred to 60-day IL with strained left hamstring (out for season)
2023-08-16,Royals,,transferred to 60-day IL with right shoulder impingement
2023-08-17,Mets,,transferred to 60-day IL with strained right oblique (out for season)
2023-08-17,Rays,• Andrew Kittredge,activated from 60-day IL
2023-08-18,Angels,,transferred to 60-day IL with fractured tibia in left leg (out for season)
2023-08-18,Angels,• Logan O'Hoppe,activated from 60-day IL
2023-08-19,Diamondbacks,,transferred to 60-day IL with left elbow inflammation (out for season)
2023-08-20,Reds,• Hunter Greene,activated from 60-day IL
2023-08-21,Athletics,,transferred to 60-day IL with surgery on right shoulder (out for season)
2023-08-22,Giants,,transferred to 60-day IL with strained right shoulder (out for season)
2023-08-22,Mariners,,transferred to 60-day IL with strained right shoulder (out for season)
2023-08-22,Angels,• Jose Marte (Manuel),activated from 60-day IL
2023-08-23,Athletics,,transferred to 60-day IL with strained left forearm (out for season)
2023-08-23,Orioles,,transferred to 60-day IL with discomfort in lower back (out for season)
2023-08-23,Marlins,• Tommy Nance,activated from 60-day IL
2023-08-23,Orioles,• Austin Voth,activated from 60-day IL
2023-08-23,Tigers,• Spencer Turnbull,activated from 60-day IL
2023-08-24,Pirates,,transferred to 60-day IL with sore left elbow / discomfort in left elbow (out for season)
2023-08-25,Red Sox,,transferred to 60-day IL with right shoulder inflammation (out for season)
2023-08-26,Nationals,,transferred to 60-day IL with fractured fibula in left leg (out for season)
2023-08-27,Dodgers,,transferred to 60-day IL with right forearm inflammation (surgery) (out for season)
2023-08-28,Nationals,,transferred to 60-day IL with right shoulder inflammation (out for season)
2023-08-28,Twins,,transferred to 60-day IL with strained left lumbar (out for season)
2023-08-29,Astros,• Michael Brantley,activated from 60-day IL
2023-08-29,Giants,• Mitch Haniger,activated from 60-day IL
2023-08-29,Yankees,• Josh Donaldson,activated from 60-day IL
2023-08-31,Angels,• Davis Daniel,activated from 60-day IL
2023-08-31,Dodgers,• Shelby Miller,activated from 60-day IL
2023-09-01,Blue Jays,,transferred to 60-day IL with strained left oblique (out for season)
2023-09-01,Braves,,transferred to 60-day IL with bruised right heel (out for season)
2023-09-01,Cardinals,,transferred to 60-day IL with strained flexor in left/right elbow (surgery) (out for season)
2023-09-01,Twins,,transferred to 60-day IL with right shoulder impingement (out for season)
2023-09-01,Blue Jays,• Chad Green (Keith),activated from 60-day IL
2023-09-01,Braves,• Dylan Lee,activated from 60-day IL
2023-09-01,Cardinals,• Ryan Helsley,activated from 60-day IL
2023-09-01,Pirates,• Max Kranick,activated from 60-day IL
2023-09-01,Reds,• Tejay Antone,activated from 60-day IL
2023-09-02,Cardinals,,transferred to 60-day IL with strained right forearm (out for season)
2023-09-02,Angels,• Max Stassi,activated from 60-day IL
2023-09-04,Red Sox,,transferred to 60-day IL recovering from surgery on left big toe (out for season)
2023-09-04,Diamondbacks,,placed on 60-day IL with fractured index finger on left hand (out for season)
2023-09-05,Braves,,transferred to 60-day IL with right elbow inflammation (out for season)
2023-09-05,Giants,• John Brebbia,activated from 60-day IL
2023-09-06,Royals,,transferred to 60-day IL with strained left shoulder (out for season)
2023-09-06,Athletics,• Mason Miller (a),activated from 60-day IL
2023-09-08,Padres,,transferred to 60-day IL with right elbow inflammation (out for season)
2023-09-08,Rangers,,transferred to 60-day IL with strained left hamstring (out for season)
2023-09-08,Rockies,,placed on 60-day IL with lower back inflammation (out for season)
2023-09-08,Cubs,• Brad Boxberger,activated from 60-day IL
2023-09-09,Royals,,placed on 60-day IL with sprained ACL in left knee (out for season)
2023-09-09,Royals,• Brad Keller,activated from 60-day IL
2023-09-10,Angels,• Ben Joyce,activated from 60-day IL
2023-09-11,Braves,,transferred to 60-day IL with right forearm inflammation (out for season)
2023-09-11,Braves,,transferred to 60-day IL with right forearm inflammation / right shoulder inflammation (out for season)
2023-09-11,Brewers,,transferred to 60-day IL with right shoulder inflammation
2023-09-11,Padres,,transferred to 60-day IL with fractured right wrist (out for season)
2023-09-11,Angels,• Jose Suarez (Rances),activated from 60-day IL
2023-09-11,Braves,• Kyle Wright,activated from 60-day IL
2023-09-12,Dodgers,,transferred to 60-day IL with right knee inflammation (out for season)
2023-09-12,Yankees,,transferred to 60-day IL with post concussion syndrome (out for season)
2023-09-12,Yankees,,transferred to 60-day IL with strained rotator cuff in left shoulder (out for season)
2023-09-12,Orioles,• John Means,activated from 60-day IL
2023-09-14,Angels,,transferred to 60-day IL with ruptured left biceps tendon (out for season)
2023-09-14,Orioles,,placed on 60-day IL with strained right shoulder (out for season)
2023-09-16,Rangers,,placed on 60-day IL with strained rotator cuff in right shoulder (out for season)
2023-09-16,Rays,,placed on 60-day IL with strained right hamstring (out for season)
2023-09-17,Athletics,,transferred to 60-day IL with strained right calf / recovering from surgery on right hip (out for season)
2023-09-17,Braves,,transferred to 60-day IL with left shoulder inflammation (out for season)
2023-09-18,Angels,,placed on 60-day IL with torn ligament in left thumb (out for season)
2023-09-18,Reds,,transferred to 60-day IL with stress reaction in right big toe (surgery) (out for season)
2023-09-18,Royals,,transferred to 60-day IL with fractured left middle finger (out for season)
2023-09-18,Angels,• Jordon Adell / Jo Adell,activated from 60-day IL
2023-09-19,Pirates,,transferred to 60-day IL with partially torn left Achilles tendon (out for season)
2023-09-19,Braves,• Jesse Chavez,activated from 60-day IL
2023-09-19,Marlins,,placed on 60-day IL with strained left oblique (out for season)
2023-09-19,Rockies,• Ryan Feltner,activated from 60-day IL
2023-09-20,Athletics,,transferred to 60-day IL with sprained/strained left knee (out for season)
2023-09-20,Brewers,• Jean Carlos Mejia / J.C. Mejia,activated from 60-day IL
2023-09-20,Tigers,,"transferred to 60-day IL recovering from ligament replacement (""Tommy John"") surgery on right elbow (out for season)"
2023-09-22,Cardinals,,transferred to 60-day IL recovering from surgery on left ankle (out for season)
2023-09-22,Padres,,transferred to 60-day IL with sprained left ring finger (out for season)
2023-09-22,Guardians,• Shane Bieber,activated from 60-day IL
2023-09-23,Rays,,placed on 60-day IL with right biceps tendinitis (out for season)
2023-09-24,Angels,,transferred to 60-day IL with fractured hamate bone in left hand (out for season)
2023-09-24,Guardians,,transferred to 60-day IL with right hip inflammation / tightness in right hip (out for season)
2023-09-24,Guardians,• Triston McKenzie,activated from 60-day IL
2023-09-24,Red Sox,• Zack Kelly,activated from 60-day IL
2023-09-24,Twins,,placed on 60-day IL with strained left forearm (out for season)
2023-09-24,Twins,• Chris Paddack,activated from 60-day IL
2023-09-25,Braves,• Ehire Adrianza,activated from 60-day IL
2023-09-26,White Sox,,transferred to 60-day IL with right ankle inflammation (out for season)
2023-09-26,Twins,• Brock Stewart,activated from 60-day IL
2023-09-27,Angels,,transferred to 60-day IL with strained left shoulder (out for season)
2023-09-28,Brewers,• Garrett Mitchell,activated from 60-day IL
2023-09-29,Nationals,,transferred to 60-day IL with fractured hamate bone in left hand (out for season)
2023-09-29,Nationals,• Tanner Rainey,activated from 60-day IL
2023-09-30,Padres,,transferred to 60-day IL with capsule inflammation in right shoulder (out for season)
2023-09-30,Yankees,,transferred to 60-day IL with torn UCL in right elbow (out for season)
2023-09-30,Phillies,,placed on 60-day IL with strained right forearm flexor (out for season)
2023-09-30,Yankees,• Francelis Montas / Frankie Montas,activated from 60-day IL
2023-10-01,Cubs,,transferred to 60-day IL with strained right forearm (out for season)
2023-10-01,Cubs,,transferred to 60-day IL with tightness in right hamstring (out for season)
2023-10-01,Twins,• Jorge Alcala,activated from 60-day IL
2023-10-04,Athletics,• Richard Lovelady,activated from 60-day IL
2023-10-04,Athletics,• Yacksel Rios,activated from 60-day IL
2023-10-05,Nationals,• Victor Arano,activated from 60-day IL
2023-10-07,Braves,,placed on 60-day IL with strained right shoulder (out for season)
2023-10-07,Braves,• Daysbel Hernandez,activated from 60-day IL
2023-10-09,Reds,• Connor Overton,activated from 60-day IL
2023-10-09,Reds,• Justin Dunn (Warren),activated from 60-day IL
2023-10-09,Reds,• Vladimir Gutierrez,activated from 60-day IL
2023-10-10,Angels,• Marco Vega,activated from 60-day IL
2023-10-12,Athletics,• James Kaprielian,activated from 60-day IL
2023-10-13,Red Sox,• Kaleb Ort,activated from 60-day IL
2023-10-17,Athletics,• Drew Rucinski,activated from 60-day IL
2023-10-17,Athletics,• Freddy Tarnok,activated from 60-day IL
2023-10-17,Athletics,• Zach Jackson (Garrett),activated from 60-day IL
2023-10-20,Rockies,• Ryan Rolison,activated from 60-day IL
2023-10-20,Twins,• Jose De Leon (Eugenio),activated from 60-day IL
2023-10-31,Dodgers,• Tyler Cyr,activated from 60-day IL
2023-10-31,Mariners,• Easton McGee,activated from 60-day IL
2023-10-31,Marlins,• Jonathan Davis,activated from 60-day IL
2023-11-01,Giants,• Mark Mathias,activated from 60-day IL
2023-11-02,Angels,• Giovanny Urshela / Gio Urshela,activated from 60-day IL
2023-11-02,Brewers,• Darin Ruf,activated from 60-day IL
2023-11-02,Brewers,• Justin Wilson (James),activated from 60-day IL
2023-11-02,Cubs,• Michael Fulmer,activated from 60-day IL
2023-11-02,Cubs,• Nick Burdi,activated from 60-day IL
2023-11-02,Diamondbacks,• Chris Rodriguez (b. 1998-07-20),activated from 60-day IL
2023-11-02,Dodgers,• Jake Marisnick,activated from 60-day IL
2023-11-02,Dodgers,• Jimmy Nelson,activated from 60-day IL
2023-11-02,Giants,• Roberto Perez (Andres),activated from 60-day IL
2023-11-02,Mets,• Bryce Montes de Oca,activated from 60-day IL
2023-11-02,Mets,• Elieser Hernandez,activated from 60-day IL
2023-11-02,Mets,• John Curtiss,activated from 60-day IL
2023-11-02,Nationals,• Carl Edwards Jr. / C.J. Edwards,activated from 60-day IL
2023-11-02,Padres,• Drew Carlton,activated from 60-day IL
2023-11-02,Padres,• Drew Pomeranz,activated from 60-day IL
2023-11-02,Padres,• Gary Sanchez,activated from 60-day IL
2023-11-02,Phillies,• Rhys Hoskins,activated from 60-day IL
2023-11-02,Pirates,• Andrew McCutchen,activated from 60-day IL
2023-11-02,Pirates,• Angel Perdomo,activated from 60-day IL
2023-11-02,Pirates,• Vince Velasquez,activated from 60-day IL
2023-11-02,Rangers,• Brad Miller (Austin),activated from 60-day IL
2023-11-02,Rangers,• Ian Kennedy (Patrick),activated from 60-day IL
2023-11-02,Rangers,• Jake Odorizzi,activated from 60-day IL
2023-11-02,Red Sox,• Raul Mondesi (Adalberto) / Adalberto Mondesi,activated from 60-day IL
2023-11-02,Rockies,• Antonio Senzatela,activated from 60-day IL
2023-11-02,Rockies,• Austin Gomber,activated from 60-day IL
2023-11-02,Rockies,• German Marquez,activated from 60-day IL
2023-11-02,Rockies,• Lucas Gilbreath,activated from 60-day IL
2023-11-02,Royals,• Austin Cox,activated from 60-day IL
2023-11-02,Royals,• Daniel Lynch IV,activated from 60-day IL
2023-11-02,Royals,• Freddy Fermin,activated from 60-day IL
2023-11-02,Royals,• Jake Brentz,activated from 60-day IL
2023-11-02,Royals,• Josh Staumont,activated from 60-day IL
2023-11-02,Royals,• Josh Taylor (Earl),activated from 60-day IL
2023-11-02,Royals,• Kris Bubic,activated from 60-day IL
2023-11-02,Royals,• Vinnie Pasquantino,activated from 60-day IL
2023-11-02,Tigers,• Matthew Boyd,activated from 60-day IL
2023-11-02,Twins,• Tyler Mahle,activated from 60-day IL
2023-11-02,Yankees,• James Weber / Ryan Weber,activated from 60-day IL
2023-11-03,Angels,• Aaron Loup,activated from 60-day IL
2023-11-03,Angels,• Anthony Rendon,activated from 60-day IL
2023-11-03,Angels,• Austin Warren,activated from 60-day IL
2023-11-03,Angels,• Jose Quijada,activated from 60-day IL
2023-11-03,Angels,• Kyren Paris,activated from 60-day IL
2023-11-03,Angels,• Luis Rengifo,activated from 60-day IL
2023-11-03,Angels,• Mike Trout,activated from 60-day IL
2023-11-03,Angels,• Sam Bachman,activated from 60-day IL
2023-11-03,Angels,• Taylor Ward,activated from 60-day IL
2023-11-03,Cardinals,• Brendan Donovan,activated from 60-day IL
2023-11-03,Cardinals,• Dylan Carlson,activated from 60-day IL
2023-11-03,Cardinals,• Guillermo Zuniga / Guillo Zuniga,activated from 60-day IL
2023-11-03,Cardinals,• Patrick Naughton / Packy Naughton,activated from 60-day IL
2023-11-03,Cardinals,• Wilking Rodriguez,activated from 60-day IL
2023-11-03,Red Sox,• Corey Kluber,activated from 60-day IL
2023-11-03,White Sox,• Liam Hendriks,activated from 60-day IL
2023-11-04,Dodgers,• Alex Reyes,activated from 60-day IL
2023-11-04,Pirates,• Jarlin Garcia,activated from 60-day IL
2023-11-05,Diamondbacks,• Mark Melancon,activated from 60-day IL
2023-11-05,Dodgers,• Daniel Hudson,activated from 60-day IL
2023-11-05,Marlins,• Matt Barnes,activated from 60-day IL
2023-11-06,Astros,• Lance McCullers Jr.,activated from 60-day IL
2023-11-06,Astros,• Luis Garcia (Heibardo),activated from 60-day IL
2023-11-06,Astros,• Oliver Ortega,activated from 60-day IL
2023-11-06,Athletics,• Sean Newcomb,activated from 60-day IL
2023-11-06,Blue Jays,• Adam Cimber,activated from 60-day IL
2023-11-06,Blue Jays,• Hagen Danner,activated from 60-day IL
2023-11-06,Blue Jays,• Otto Lopez,activated from 60-day IL
2023-11-06,Braves,• Dylan Lee,activated from 60-day IL
2023-11-06,Braves,• Huascar Ynoa,activated from 60-day IL
2023-11-06,Braves,• Kolby Allard,activated from 60-day IL
2023-11-06,Braves,• Kyle Wright,activated from 60-day IL
2023-11-06,Braves,• Michael Soroka / Mike Soroka,activated from 60-day IL
2023-11-06,Braves,• Nick Anderson (Paul),activated from 60-day IL
2023-11-06,Braves,• Tyler Matzek,activated from 60-day IL
2023-11-06,Braves,• Yonny Chirinos,activated from 60-day IL
2023-11-06,Brewers,• Aaron Ashby,activated from 60-day IL
2023-11-06,Cubs,• Brandon Hughes,activated from 60-day IL
2023-11-06,Cubs,• Codi Heuer,activated from 60-day IL
2023-11-06,Cubs,• Ethan Roberts,activated from 60-day IL
2023-11-06,Cubs,• Nick Madrigal,activated from 60-day IL
2023-11-06,Diamondbacks,• Austin Adams (Lance),activated from 60-day IL
2023-11-06,Diamondbacks,• Corbin Martin,activated from 60-day IL
2023-11-06,Diamondbacks,• Dominic Fletcher,activated from 60-day IL
2023-11-06,Diamondbacks,• Drey Jameson,activated from 60-day IL
2023-11-06,Diamondbacks,• Tommy Henry,activated from 60-day IL
2023-11-06,Dodgers,• Blake Treinen,activated from 60-day IL
2023-11-06,Dodgers,• Dustin May,activated from 60-day IL
2023-11-06,Dodgers,• Gavin Lux,activated from 60-day IL
2023-11-06,Dodgers,• Gus Varland,activated from 60-day IL
2023-11-06,Dodgers,• J.P. Feyereisen,activated from 60-day IL
2023-11-06,Dodgers,• Tony Gonsolin,activated from 60-day IL
2023-11-06,Dodgers,• Walker Buehler,activated from 60-day IL
2023-11-06,Giants,• Anthony DeSclafani,activated from 60-day IL
2023-11-06,Giants,• Cole Waites,activated from 60-day IL
2023-11-06,Giants,• Thomas Szapucki,activated from 60-day IL
2023-11-06,Guardians,• Tanner Bibee,activated from 60-day IL
2023-11-06,Mariners,• Emerson Hancock,activated from 60-day IL
2023-11-06,Mariners,• Evan White,activated from 60-day IL
2023-11-06,Mariners,• Marco Gonzales (Elias),activated from 60-day IL
2023-11-06,Mariners,• Robbie Ray,activated from 60-day IL
2023-11-06,Marlins,• Anthony Bender,activated from 60-day IL
2023-11-06,Marlins,• Max Meyer,activated from 60-day IL
2023-11-06,Marlins,• Tommy Nance,activated from 60-day IL
2023-11-06,Marlins,• Trevor Rogers,activated from 60-day IL
2023-11-06,Mets,• Edwin Diaz (Orlando),activated from 60-day IL
2023-11-06,Mets,• Josh Walker (b. 1994-12-01),activated from 60-day IL
2023-11-06,Mets,• Penn Murfee,activated from 60-day IL
2023-11-06,Nationals,• Cade Cavalli,activated from 60-day IL
2023-11-06,Nationals,• Riley Adams,activated from 60-day IL
2023-11-06,Nationals,• Stephen Strasburg,activated from 60-day IL
2023-11-06,Nationals,• Stone Garrett,activated from 60-day IL
2023-11-06,Nationals,• Victor Robles,activated from 60-day IL
2023-11-06,Orioles,• Dillon Tate,activated from 60-day IL
2023-11-06,Orioles,• Keegan Akin,activated from 60-day IL
2023-11-06,Orioles,• Terrin Vavra,activated from 60-day IL
2023-11-06,Padres,• Alek Jacob,activated from 60-day IL
2023-11-06,Padres,• Joe Musgrove,activated from 60-day IL
2023-11-06,Padres,• Reiss Knehr,activated from 60-day IL
2023-11-06,Padres,• Tim Hill (b. 1990-02-10),activated from 60-day IL
2023-11-06,Padres,• Tucupita Marcano,activated from 60-day IL
2023-11-06,Phillies,• Erich Uelmen,activated from 60-day IL
2023-11-06,Pirates,• J.T. Brubaker,activated from 60-day IL
2023-11-06,Pirates,• Oneil Cruz,activated from 60-day IL
2023-11-06,Rangers,• Brett Martin (Ryan),activated from 60-day IL
2023-11-06,Rangers,• Jacob deGrom,activated from 60-day IL
2023-11-06,Rays,• Calvin Faucher,activated from 60-day IL
2023-11-06,Rays,• Drew Rasmussen,activated from 60-day IL
2023-11-06,Rays,• Garrett Cleavinger,activated from 60-day IL
2023-11-06,Rays,• Greg Jones (b. 1998-03-07),activated from 60-day IL
2023-11-06,Rays,• Jeffrey Springs,activated from 60-day IL
2023-11-06,Rays,• Shane Baz (Austin),activated from 60-day IL
2023-11-06,Rays,• Shane McClanahan,activated from 60-day IL
2023-11-06,Red Sox,• Jarren Duran,activated from 60-day IL
2023-11-06,Red Sox,• Wyatt Mills,activated from 60-day IL
2023-11-06,Reds,• Graham Ashcraft,activated from 60-day IL
2023-11-06,Reds,• Nick Lodolo,activated from 60-day IL
2023-11-06,Reds,• Reiver Sanmartin,activated from 60-day IL
2023-11-06,Tigers,• Austin Meadows,activated from 60-day IL
2023-11-06,Tigers,• Casey Mize,activated from 60-day IL
2023-11-06,Tigers,• Freddy Pacheco,activated from 60-day IL
2023-11-06,Tigers,• Riley Greene,activated from 60-day IL
2023-11-06,Tigers,• Tyler Alexander (John),activated from 60-day IL
2023-11-06,Twins,• Jose Miranda,activated from 60-day IL
2023-11-06,Twins,• Jovani Moran,activated from 60-day IL
2023-11-06,Twins,• Matt Canterino,activated from 60-day IL
2023-11-06,Twins,• Nick Gordon,activated from 60-day IL
2023-11-06,White Sox,• Jimmy Lambert,activated from 60-day IL
2023-11-06,White Sox,• Matt Foster,activated from 60-day IL
2023-11-06,White Sox,• Romy Gonzalez,activated from 60-day IL
2023-11-06,Yankees,• Anthony Rizzo,activated from 60-day IL
2023-11-06,Yankees,• Jasson Dominguez,activated from 60-day IL
2023-11-06,Yankees,• Jose Trevino,activated from 60-day IL
2023-11-06,Yankees,• Lou Trivino,activated from 60-day IL
2023-11-06,Yankees,• Luis Gil (Angel),activated from 60-day IL
2023-11-06,Yankees,• Nestor Cortes Jr.,activated from 60-day IL
2023-11-06,Yankees,• Scott Effross,activated from 60-day IL
2024-02-08,Dodgers,,placed on 60-day IL recovering from surgery on right elbow to repair flexor tendon
2024-02-09,Dodgers,,"placed on 60-day IL recovering from ligament replacement (""Tommy John"") surgery on right elbow (out for season)"
2024-02-14,Athletics,,placed on 60-day IL with surgery on left elbow (out for season)
2024-02-14,Giants,,"placed on 60-day IL recovering from ligament replacement (""Tommy John"") surgery on left elbow"
2024-02-14,Mets,,placed on 60-day IL recovering from surgery on right knee to repair torn ACL (out for season)
2024-02-14,Orioles,,"placed on 60-day IL recovering from ligament replacement (""Tommy John"") surgery on right elbow (out for season)"
2024-02-14,Pirates,,placed on 60-day IL recovering from surgery on right elbow to repair torn UCL / flexor tendon (out for season)
2024-02-14,Pirates,,"placed on 60-day IL recovering from ligament replacement (""Tommy John"") surgery on elbow (out for season)"
2024-02-14,Rays,,"placed on 60-day IL recovering from ligament replacement (""Tommy John"") surgery on left elbow (out for season)"
2024-02-14,Yankees,,"placed on 60-day IL recovering from ligament replacement (""Tommy John"") surgery on right elbow"
2024-02-14,Yankees,,placed on 60-day IL with surgery on back
2024-02-16,Yankees,,"placed on 60-day IL recovering from ligament replacement (""Tommy John"") surgery on right elbow (out for season)"
2024-02-17,Diamondbacks,,"placed on 60-day IL recovering from ligament replacement (""Tommy John"") surgery on right elbow (out for season)"
2024-02-17,Royals,,placed on 60-day IL recovering from surgery on right shoulder to repair torn capsule
2024-02-18,Angels,,"placed on 60-day IL recovering from ligament replacement (""Tommy John"") surgery on left elbow"
2024-02-18,Giants,,"placed on 60-day IL recovering from ligament replacement (""Tommy John"") surgery on right elbow"
2024-02-19,Pirates,,placed on 60-day IL with right eye injury (out for season)
2024-02-21,Rays,,placed on 60-day IL with surgery on right elbow
2024-02-21,Brewers,,placed on 60-day IL with surgery on right shoulder (out for season)
2024-02-23,Royals,,"placed on 60-day IL recovering from ligament replacement (""Tommy John"") surgery on left elbow"
2024-02-23,White Sox,,"placed on 60-day DL recovering from ligament replacement (""Tommy John"") surgery on right elbow"
2024-02-24,Marlins,,"placed on 60-day IL recovering from ligament replacement (""Tommy John"") surgery on right elbow (out for season)"
2024-02-25,Mets,,placed on 60-day IL with surgery on left hip
2024-02-26,Twins,,placed on 60-day IL with stress fracture in shoulder
2024-02-27,White Sox,,placed on 60-day IL with torn UCL in right elbow (out for season)
2024-02-28,Rockies,,"placed on 60-day IL with rehab from ligament replacement (""Tommy John"") surgery on elbow"
2024-03-03,Giants,,placed on 60-day IL with annuerism in upper arm (surgery)
2024-03-04,Dodgers,,placed on 60-day IL recovering from surgery on left shoulder to repair gleno-humeral ligaments and capsule
2024-03-09,Rangers,,placed on 60-day IL with surgery on right shoulder (out for season)
2024-03-15,Rays,,"placed on 60-day IL recovering from ligament replacement (""Tommy John"") surgery on left elbow"
2024-03-16,Pirates,,placed on 60-day IL with right elbow injury (out for season)
2024-03-22,Rangers,,"placed on 60-day IL recovering from ligament replacement (""Tommy John"") surgery on right elbow"
2024-03-24,Athletics,,"placed on 60-day DL with ligament replacement (""Tommy John"") surgery on right elbow (out for season)"
2024-03-24,Nationals,,placed on 60-day IL with strained left teres major
2024-03-24,Nationals,,"placed on 60-day IL recovering from ligament replacement (""Tommy John"") surgery on right elbow (out for season)"
2024-03-24,Red Sox,,placed on 60-day IL recovering from surgery on right elbow; internal brace procedure to repair UCL (out for season)
2024-03-24,Rockies,,"placed on 60-day IL with rehab from ligament replacement (""Tommy John"") surgery on right elbow"
2024-03-26,Nationals,,"placed on 60-day IL recovering from ligament replacement (""Tommy John"") surgery on right elbow (out for season)"
2024-03-27,Angels,,placed on 60-day IL recovering from surgery on right shoulder
2024-03-27,Astros,,placed on 60-day IL recovering from surgery on right shoulder (out for season)
2024-03-28,Astros,,"placed on 60-day IL recovering from surgery on right forearm to removed bone spur, repair flexor tendon (out for season)"
2024-03-28,Athletics,,placed on 60-day IL with strained right calf
2024-03-28,Athletics,,placed on 60-day IL with left knee inflammation
2024-03-28,Cubs,,placed on 60-day IL with strained right shoulder
2024-03-28,Giants,,placed on 60-day IL with strained right oblique muscle
2024-03-28,Guardians,,placed on 60-day IL with right shoulder inflammation (out for season)
2024-03-28,Guardians,,"placed on 60-day IL with ligament replacement (""Tommy John"") surgery on right elbow (out for season)"
2024-03-28,Rangers,,"placed on 60-day IL with ligament replacement (""Tommy John"") surgery on right elbow"
2024-03-28,Red Sox,,placed on 60-day IL with sprained UCL in left elbow (out for season)
2024-03-28,Red Sox,,"placed on 60-day IL recovering from ligament replacement (""Tommy John"") surgery on right elbow (out for season)"
2024-03-28,Reds,,transferred to 60-day IL recovering from surgery on left shoulder (out for season)
2024-03-28,Twins,,placed on 60-day IL with strained right elbow (out for season)
2024-03-28,White Sox,,placed on 60-day IL with strained rotator cuff in right shoulder (out for season)
2024-03-28,White Sox,,placed on 60-day IL with nerve decompression surgery on left shoulder
2024-03-28,Yankees,,placed on 60-day IL with right elbow inflammation
2024-03-31,Dodgers,,transferred to 60-day IL with right forearm inflammation (out for season)
2024-04-02,Dodgers,,transferred to 60-day IL with right shoulder inflammation
2024-04-04,Astros,,"transferred to 60-day IL recovering from ligament replacement (""Tommy John"") surgery on right elbow (out for season)"
2024-04-04,Astros,,"transferred to 60-day IL recovering from ligament replacement (""Tommy John"") surgery on right elbow (out for season)"
2024-04-04,Marlins,,transferred to 60-day IL with right elbow inflammation (out for season)
2024-04-05,Yankees,,placed on 60-day IL with strained right forearm flexor (out for season)
2024-04-06,Astros,,transferred to 60-day IL with thoracic outlet syndrome in left shoulder (out for season)
2024-04-07,Royals,,transferred to 60-day IL with sore left biceps
2024-04-08,Rangers,,transferred to 60-day IL recovering from surgery on right wrist to repair fracture
2024-04-09,Astros,,transferred to 60-day IL recovering from surgery on right elbow to remove loose body (out for season)
2024-04-09,Brewers,,transferred to 60-day IL with stress fracture in back
2024-04-09,Twins,,transferred to 60-day IL with strained right shoulder
2024-04-10,Guardians,,"transferred to 60-day IL with ligament replacement (""Tommy John"") surgery on right elbow (out for season)"
2024-04-10,Mets,,transferred to 60-day IL with strained posterior capsule in right shoulder
2024-04-11,Athletics,,transferred to 60-day IL with sprained MCL in right knee
2024-04-12,White Sox,,transferred to 60-day IL with strained left adductor
2024-04-13,Rangers,,transferred to 60-day IL with strained left oblique
2024-04-14,Brewers,,transferred to 60-day IL with fractured left index finger
2024-04-15,White Sox,,transferred to 60-day IL with left hip inflammation (out for season)
2024-04-17,Cubs,,transferred to 60-day IL with strained right shoulder
2024-04-17,Diamondbacks,,transferred to 60-day IL with strained left shoulder
2024-04-17,Guardians,,transferred to 60-day IL with fractured hamate bone in left/right foot
2024-04-18,Red Sox,,transferred to 60-day IL recovering from surgery on left shoulder to repair fractured glenoid rim
2024-04-18,Rangers,,transferred to 60-day IL with fractured right hand
2024-04-19,Reds,,transferred to 60-day IL recovering from surgery on right elbow to repair UCL / flexor tendon (out for season)
2024-04-20,Giants,,transferred to 60-day IL with surgery on left hip
2024-04-20,Marlins,,transferred to 60-day IL with ulnar neuritis in left elbow
2024-04-20,Rays,,transferred to 60-day IL with right hip impingement
2024-04-21,Angels,,transferred to 60-day IL with right shoulder inflammation (out for season)
2024-04-21,Rockies,,transferred to 60-day IL recovering from surgery on right elbow (out for season)
2024-04-22,Twins,,transferred to 60-day IL with strained right triceps (out for season)
2024-04-24,Reds,,transferred to 60-day IL with disc degeneration in lower back
2024-04-25,Mariners,,transferred to 60-day IL with strained right lat muscle
2024-04-27,Dodgers,,transferred to 60-day IL with right shoulder inflammation
2024-04-27,Red Sox,,transferred to 60-day IL with strained left ribcage muscle
2024-04-30,Angels,,transferred to 60-day IL with right elbow inflammation
2024-04-30,Angels,,transferred to 60-day IL with strained left quadriceps
2024-04-30,Brewers,,transferred to 60-day IL with left elbow inflammation (out for season)
2024-04-30,Cardinals,,transferred to 60-day IL with strained left forearm (out for season)
2024-04-30,Diamondbacks,,transferred to 60-day IL with left shoulder inflammation (out for season)
2024-04-30,Rockies,,"transferred to 60-day IL recovering from ligament replacement (""Tommy John"") surgery on left elbow"
2024-05-02,Diamondbacks,,transferred to 60-day IL with strained right shoulder
2024-05-03,Athletics,,transferred to 60-day IL with right hip inflammation
2024-05-04,Braves,,transferred to 60-day IL with left elbow injury (out for season)
2024-05-06,Brewers,,transferred to 60-day IL with right shoulder impingement
2024-05-06,Cardinals,,transferred to 60-day IL with sprained right wrist
2024-05-07,Marlins,,transferred to 60-day IL with infection in left foot
2024-05-07,Reds,,transferred to 60-day IL with strained right forearm
2024-05-07,Tigers,,transferred to 60-day IL with strained left groin (out for season)
2024-05-08,Mariners,,transferred to 60-day IL with right elbow inflammation (out for season)
2024-05-08,Reds,,transferred to 60-day IL with strained left shoulder
2024-05-09,Angels,,transferred to 60-day IL with strained left hamstring
2024-05-09,Guardians,,transferred to 60-day IL with right elbow inflammation
2024-05-09,Angels,,placed on 60-day IL with right lat muscle injury (out for season)
2024-05-10,Brewers,,transferred to 60-day IL with strained right lat muscle / strained right triceps (out for season)
2024-05-10,Cardinals,,transferred to 60-day IL with strained right forearm flexor
2024-05-10,Pirates,,transferred to 60-day IL with right knee inflammation
2024-05-12,Marlins,,transferred to 60-day IL with neck spasms
2024-05-15,Athletics,,transferred to 60-day IL with sprained left ankle
2024-05-15,Giants,,transferred to 60-day IL with sprained left knee (out for season)
2024-05-15,Rangers,,transferred to 60-day IL recovering from surgery on back to repair herniated disc
2024-05-18,Giants,,transferred to 60-day IL recovering from surgery on left shoulder to repair torn labrum (out for season)
2024-05-18,Rays,,transferred to 60-day IL with rotator cuff inflammation in right shoulder (out for season)
2024-05-19,Dodgers,,transferred to 60-day IL with plantar fasciitis in right foot (out for season)
2024-05-21,Rangers,,transferred to 60-day IL with right knee injury
2024-05-22,Padres,,"transferred to 60-day IL with ligament replacement (""Tommy John"") surgery on elbow (out for season)"
2024-05-23,Rangers,,transferred to 60-day IL with strained lower back
2024-05-24,Rockies,,transferred to 60-day IL with strained left elbow
2024-05-25,Yankees,,transferred to 60-day IL with fractured right foot
2024-05-27,Mariners,,placed on 60-day IL with torn Achilles tendon (out for season)
2024-05-27,Marlins,• Xavier Edwards,activated from 60-day IL
2024-05-27,Twins,• Josh Winder,activated from 60-day IL
2024-05-28,Twins,,transferred to 60-day IL with patellar tendinitis in left knee
2024-05-28,Athletics,• Aledmys Diaz,activated from 60-day IL
2024-05-28,Reds,• Alex Young,activated from 60-day IL
2024-05-28,Yankees,• D.J. LeMahieu,activated from 60-day IL
2024-05-29,Angels,,transferred to 60-day IL with right shoulder inflammation
2024-05-29,Angels,• Michael Stefanic,activated from 60-day IL
2024-05-29,Guardians,• Angel Martinez (b. 2002-01-27),activated from 60-day IL
2024-05-29,Mets,• David Peterson (John),activated from 60-day IL
2024-06-01,Phillies,,transferred to 60-day IL with strained right shoulder
2024-06-01,Athletics,• Freddy Tarnok,activated from 60-day IL
2024-06-02,Cubs,,transferred to 60-day IL with strained right forearm (out for season)
2024-06-02,Red Sox,,transferred to 60-day IL with strained left oblique (out for season)
2024-06-02,Athletics,• Luis Medina (Angel),activated from 60-day IL
2024-06-03,Phillies,,transferred to 60-day IL with arterial vasospasm in right hand
2024-06-03,Pirates,,transferred to 60-day IL with strained muscle in left forearm
2024-06-03,Pirates,• Jason Delay,activated from 60-day IL
2024-06-04,Athletics,,transferred to 60-day IL with stress reaction in fifth metatarsal in right foot
2024-06-04,Braves,,transferred to 60-day IL with left elbow inflammation
2024-06-04,Athletics,• Sean Newcomb,activated from 60-day IL
2024-06-05,Astros,,transferred to 60-day IL with strained right forearm (out for season)
2024-06-05,Mets,,transferred to 60-day IL with strained right shoulder
2024-06-06,Pirates,,transferred to 60-day IL with left triceps inflammation
2024-06-07,Rays,• Taylor Walls,activated from 60-day IL
2024-06-08,Brewers,,transferred to 60-day IL with sprained left knee
2024-06-09,Athletics,,transferred to 60-day IL with rotator cuff tendinitis in left shoulder (out for season)
2024-06-09,Braves,,transferred to 60-day IL with torn ACL in left knee (out for season)
2024-06-09,White Sox,• Shane Drohan,activated from 60-day IL
2024-06-11,White Sox,,transferred to 60-day IL with right elbow inflammation
2024-06-12,Yankees,,transferred to 60-day IL with strained left calf
2024-06-12,Marlins,• J.T. Chargois,activated from 60-day IL
2024-06-12,Rangers,• Brock Burke,activated from 60-day IL
2024-06-12,Yankees,• Jasson Dominguez,activated from 60-day IL
2024-06-13,Dodgers,,transferred to 60-day IL with strained right calf
2024-06-13,Orioles,,"transferred to 60-day IL recovering from ligament replacement (""Tommy John"") surgery on left elbow (out for season)"
2024-06-14,Angels,• Sam Bachman,activated from 60-day IL
2024-06-15,Braves,,transferred to 60-day IL recovering from surgery on right elbow to repair UCL with internal brace (out for season)
2024-06-16,Astros,,"transferred to 60-day IL recovering from ligament replacement (""Tommy John"") surgery on right elbow (out for season)"
2024-06-16,Dodgers,,transferred to 60-day IL with strained right posterior shoulder
2024-06-16,Braves,,placed on 60-day IL with stress reaction in right elbow (out for season)
2024-06-17,Reds,,transferred to 60-day IL with fractured ulnar styloid in right wrist (out for season)
2024-06-18,Yankees,,transferred to 60-day IL with strained right lat muscle
2024-06-19,Marlins,,transferred to 60-day IL with tightness in left elbow
2024-06-19,Orioles,,transferred to 60-day IL recovering from surgery on right elbow to repair UCL (out for season)
2024-06-19,Yankees,,transferred to 60-day IL with fractured right forearm
2024-06-19,Yankees,• Gerrit Cole,activated from 60-day IL
2024-06-21,Brewers,• Jakob Junis / Jake Junis,activated from 60-day IL
2024-06-21,Dodgers,• Kyle Hurt,activated from 60-day IL
2024-06-22,Athletics,,transferred to 60-day IL with strained right oblique
2024-06-22,Cardinals,,transferred to 60-day IL recovering from surgery on right forearm (out for season)
2024-06-23,Marlins,,transferred to 60-day IL with right shoulder impingement
2024-06-23,Marlins,,transferred to 60-day IL with lumbar stress reaction (out for season)
2024-06-23,Yankees,,transferred to 60-day IL with right hip inflammation
2024-06-23,Rangers,• Max Scherzer,activated from 60-day IL
2024-06-23,Rockies,• Kyle Freeland,activated from 60-day IL
2024-06-25,Angels,,transferred to 60-day IL with strained left elbow (out for season)
2024-06-25,Brewers,,"transferred to 60-day IL recovering from ligament replacement (""Tommy John"") surgery on left elbow (out for season)"
2024-06-25,Marlins,,transferred to 60-day IL with right shoulder inflammation (out for season)
2024-06-25,Angels,• Chase Silseth,activated from 60-day IL
2024-06-26,Brewers,,transferred to 60-day IL with strained lower back
2024-06-26,Rangers,,transferred to 60-day IL with sprained right shoulder (out for season)
2024-06-26,Rangers,• Justin Foscue,activated from 60-day IL
2024-06-27,Cubs,,transferred to 60-day IL with strained right shoulder (out for season)
2024-06-27,Reds,,transferred to 60-day IL with strained right lat muscle
2024-06-28,Cardinals,,transferred to 60-day IL with strained lower back
2024-06-28,Padres,,transferred to 60-day IL with right elbow inflammation
2024-06-30,Mets,,"transferred to 60-day IL recovering from ligament replacement (""Tommy John"") surgery (internal brace) on left elbow (out for season)"
2024-06-30,Guardians,• Gavin Williams,activated from 60-day IL
2024-07-01,Brewers,• Garrett Mitchell,activated from 60-day IL
2024-07-03,Twins,,transferred to 60-day IL with right shoulder tendinitis
2024-07-05,Angels,,transferred to 60-day IL with right elbow inflammation (out for season)
2024-07-05,Braves,,"transferred to 60-day IL recovering from ligament replacement (""Tommy John"") surgery on elbow (out for season)"
2024-07-05,Nationals,,transferred to 60-day IL with strained right forearm flexor (out for season)
2024-07-05,Phillies,,transferred to 60-day IL with sprained left ankle (out for season)
2024-07-05,Royals,,transferred to 60-day IL with strained right oblique
2024-07-06,Royals,• Kris Bubic,activated from 60-day IL
2024-07-07,Cubs,,placed on 60-day IL with fractured left hand (out for season)
2024-07-07,Marlins,,transferred to 60-day IL with strained left index finger
2024-07-07,Mets,,transferred to 60-day IL with sprained right elbow (out for season)
2024-07-07,Marlins,• Edward Cabrera,activated from 60-day IL
2024-07-08,Angels,• Anthony Rendon,activated from 60-day IL
2024-07-08,Mariners,• Gregory Santos,activated from 60-day IL
2024-07-11,Orioles,,"transferred to 60-day IL recovering from ligament replacement (""Tommy John"") surgery on right elbow (out for season)"
2024-07-12,Pirates,• Marco Gonzales (Elias),activated from 60-day IL
2024-07-13,Dodgers,,transferred to 60-day IL with strained rotator cuff in right shoulder / tightness in triceps
2024-07-13,Orioles,,transferred to 60-day IL recovering from surgery on left elbow to remove bone chips
2024-07-13,Reds,,transferred to 60-day IL with sprained left thumb
2024-07-13,Giants,• Austin Warren,activated from 60-day IL
2024-07-14,Rockies,• German Marquez,activated from 60-day IL
2024-07-15,Brewers,,transferred to 60-day IL with strained back (out for season)
2024-07-15,Yankees,• Scott Effross,activated from 60-day IL
2024-07-17,Twins,• Zack Weiss,activated from 60-day IL
2024-07-19,Cubs,,transferred to 60-day IL with strained right oblique
2024-07-19,Dodgers,• Joe Kelly (William),activated from 60-day IL
2024-07-19,Nationals,• Jose Ferrer (Alexander),activated from 60-day IL
2024-07-21,Tigers,,transferred to 60-day IL with lumbar spine inflammation
2024-07-22,Cubs,,transferred to 60-day IL with strained left shoulder (out for season)
2024-07-22,Angels,• Jose Quijada,activated from 60-day IL
2024-07-22,Cubs,• Julian Merryweather,activated from 60-day IL
2024-07-24,Braves,,transferred to 60-day IL with strained left hamstring
2024-07-24,Giants,,transferred to 60-day IL with right elbow inflammation (out for season)
2024-07-24,Giants,• Robbie Ray,activated from 60-day IL
2024-07-24,Twins,• Brock Stewart,activated from 60-day IL
2024-07-25,Dodgers,• Clayton Kershaw,activated from 60-day IL
2024-07-26,Cubs,,transferred to 60-day IL with strained neck (out for season)
2024-07-26,Red Sox,,transferred to 60-day IL with strained right hamstring (out for season)
2024-07-26,Athletics,• Paul Blackburn,activated from 60-day IL
2024-07-26,Mets,• Kodai Senga,activated from 60-day IL
2024-07-26,Mets,• Kodai Senga,activated from 60-day IL
2024-07-26,Mets,• Shintaro Fujinami,activated from 60-day IL
2024-07-26,Phillies,• Michael Rucker,activated from 60-day IL
2024-07-27,Blue Jays,,transferred to 60-day IL recovering from arthroscopic surgery on right elbow (out for season)
2024-07-28,Mets,,transferred to 60-day IL with strained left calf
2024-07-28,Brewers,• Devin Williams,activated from 60-day IL
2024-07-28,Rangers,• Austin Pruitt,activated from 60-day IL
2024-07-28,Rays,• Jeffrey Springs,activated from 60-day IL
2024-07-29,Rangers,,transferred to 60-day IL with tightness in lower back / lumbar sprain (out for season)
2024-07-29,Reds,,transferred to 60-day IL with strained right elbow (out for season)
2024-07-29,Tigers,,transferred to 60-day IL with strained left hamstring
2024-07-29,Rangers,• Cody Bradford,activated from 60-day IL
2024-07-29,Rangers,• Josh Jung,activated from 60-day IL
2024-07-29,Dodgers,,placed on 60-day IL with sprained right wrist
2024-07-30,Astros,,transferred to 60-day IL with bruised right shin
2024-07-30,Marlins,,transferred to 60-day IL with strained left forearm flexor (out for season)
2024-07-30,Orioles,,transferred to 60-day IL with left elbow subluxation (out for season)
2024-07-30,Pirates,,transferred to 60-day IL with right elbow inflammation / discomfort in right elbow (out for season)
2024-07-30,Twins,,transferred to 60-day IL with various injuries (out for season)
2024-07-30,Brewers,• Joe Ross (Andrew),activated from 60-day IL
2024-07-30,Guardians,,placed on 60-day IL recovering from surgery on left hip
2024-07-31,Cubs,• Caleb Kilian,activated from 60-day IL
2024-08-01,Yankees,,transferred to 60-day IL with strained triceps in right arm
2024-08-01,Yankees,• Nick Burdi,activated from 60-day IL
2024-08-02,Athletics,,"transferred to 60-day IL recovering from ligament replacement (""Tommy John"") surgery on right elbow (out for season)"
2024-08-02,Athletics,• Darell Hernaiz,activated from 60-day IL
2024-08-03,Rockies,• Jordan Beck (Alexander),activated from 60-day IL
2024-08-05,Dodgers,• Brusdar Graterol,activated from 60-day IL
2024-08-05,White Sox,• Dominic Leone,activated from 60-day IL
2024-08-06,Diamondbacks,,transferred to 60-day IL with sprained right elbow (out for season)
2024-08-06,Diamondbacks,• Eduardo Rodriguez (José),activated from 60-day IL
2024-08-06,Rangers,• Tyler Mahle,activated from 60-day IL
2024-08-07,Rays,• Drew Rasmussen,activated from 60-day IL
2024-08-09,Twins,,transferred to 60-day IL with strained right shoulder (out for season)
2024-08-09,Guardians,• Alex Cobb,activated from 60-day IL
2024-08-10,Reds,• Emilio Pagan,activated from 60-day IL
2024-08-11,Brewers,,transferred to 60-day IL with right forearm tendinitis
2024-08-11,Brewers,• D.L. Hall,activated from 60-day IL
2024-08-11,Cardinals,• Riley O'Brien,activated from 60-day IL
2024-08-11,Diamondbacks,• Merrill Kelly,activated from 60-day IL
2024-08-12,Pirates,,placed on 60-day IL with strained left forearm (out for season)
2024-08-12,Padres,• Joe Musgrove,activated from 60-day IL
2024-08-13,Tigers,,placed on 60-day IL with sprained right elbow (out for season)
2024-08-13,Tigers,• Kerry Carpenter,activated from 60-day IL
2024-08-14,Braves,• Michael Harris II,activated from 60-day IL
2024-08-16,Giants,,transferred to 60-day IL with surgery on right knee (out for season)
2024-08-16,White Sox,,placed on 60-day IL with sprained UCL in right elbow (out for season)
2024-08-16,Giants,• Ethan Small,activated from 60-day IL
2024-08-16,Red Sox,• Triston Casas,activated from 60-day IL
2024-08-16,Rockies,• Lucas Gilbreath,activated from 60-day IL
2024-08-16,White Sox,• Matt Foster,activated from 60-day IL
2024-08-17,Angels,,transferred to 60-day IL recovering from surgery on right wrist (out for season)
2024-08-17,Phillies,,transferred to 60-day IL with strained right lat muscle (out for season)
2024-08-17,White Sox,,transferred to 60-day IL recovering from surgery on neck (out for season)
2024-08-17,Angels,• Jose Cisnero,activated from 60-day IL
2024-08-17,Dodgers,• Ryan Brasier,activated from 60-day IL
2024-08-19,Blue Jays,,transferred to 60-day IL recovering from surgery on right elbow (out for season)
2024-08-19,Dodgers,,"transferred to 60-day IL recovering from ligament replacement (""Tommy John"") surgery on right elbow (out for season)"
2024-08-19,Guardians,,transferred to 60-day IL with left shoulder inflammation (out for season)
2024-08-19,Athletics,• Max Muncy (Price),activated from 60-day IL
2024-08-19,Dodgers,• Tommy Edman,activated from 60-day IL
2024-08-19,Reds,,placed on 60-day IL with sprained right shoulder (out for season)
2024-08-20,Braves,,transferred to 60-day IL with left hip inflammation (out for season)
2024-08-20,Astros,,placed on 60-day IL with surgery on right shoulder (out for season)
2024-08-21,Padres,,transferred to 60-day IL with right femoral stress reaction
2024-08-23,Red Sox,,transferred to 60-day IL with strained right calf (out for season)
2024-08-23,Reds,,transferred to 60-day IL with torn right teres major (out for season)
2024-08-23,Rockies,,transferred to 60-day IL with right elbow inflammation (out for season)
2024-08-25,Marlins,,transferred to 60-day IL with fractured left ankle
2024-08-25,Pirates,,placed on 60-day IL with torn patellar tendon in left knee (out for season)
2024-08-26,Tigers,,transferred to 60-day IL with lumbar spine and hip inflammation (out for season)
2024-08-26,Yankees,,transferred to 60-day IL with strained right lat muscle
2024-08-27,Angels,,transferred to 60-day IL recovering from surgery on left knee to repair torn meniscus (out for season)
2024-08-27,Twins,,transferred to 60-day IL with strained right teres major (out for season)
2024-08-27,Phillies,• Dylan Covey,activated from 60-day IL
2024-08-28,Reds,,transferred to 60-day IL with sprained left thumb (out for season)
2024-08-30,Angels,,transferred to 60-day IL with viral infection (out for season)
2024-08-30,Tigers,,transferred to 60-day IL with strained right shoulder (out for season)
2024-08-30,Giants,• Tyler Matzek,activated from 60-day IL
2024-08-30,Tigers,• Casey Mize,activated from 60-day IL
2024-08-31,Athletics,,transferred to 60-day IL with core muscle injury (out for season)
2024-09-01,Nationals,,transferred to 60-day IL with strained right forearm flexor
2024-09-01,Padres,,transferred to 60-day IL with right forearm injury (out for season)
2024-09-01,Twins,,transferred to 60-day IL with strained right forearm (out for season)
2024-09-01,Cardinals,• Steven Matz,activated from 60-day IL
2024-09-01,Cubs,• Jordan Wicks,activated from 60-day IL
2024-09-01,Giants,• Tristan Beck,activated from 60-day IL
2024-09-01,Pirates,• Ryan Borucki,activated from 60-day IL
2024-09-01,Reds,• Brandon Williamson (Martin),activated from 60-day IL
2024-09-01,Yankees,• Anthony Rizzo,activated from 60-day IL
2024-09-01,Cubs,,placed on 60-day IL with fractured left finger (out for season)
2024-09-02,Padres,• Fernando Tatis Jr.,activated from 60-day IL
2024-09-03,Marlins,• Josh Simpson (Wayne),activated from 60-day IL
2024-09-04,Athletics,,transferred to 60-day IL with strained left wrist (out for season)
2024-09-04,Rangers,,transferred to 60-day IL with neuroma in right foot (out for season)
2024-09-05,Mets,,transferred to 60-day IL with right shoulder impingement (out for season)
2024-09-05,Rockies,,transferred to 60-day IL with right elbow inflammation (out for season)
2024-09-05,Twins,,transferred to 60-day IL with strained left oblique
2024-09-05,Royals,• Dan Altavilla,activated from 60-day IL
2024-09-06,Astros,• Kyle Tucker,activated from 60-day IL
2024-09-07,Angels,,transferred to 60-day IL with right arm fatigue (out for season)
2024-09-07,Marlins,,transferred to 60-day IL with left elbow muscle injury (out for season)
2024-09-07,Red Sox,• Trevor Story,activated from 60-day IL
2024-09-07,Yankees,• Clarke Schmidt,activated from 60-day IL
2024-09-07,Yankees,• Ian Hamilton,activated from 60-day IL
2024-09-07,Phillies,,placed on 60-day IL with right thumb injury (out for season)
2024-09-07,Red Sox,,placed on 60-day IL with right elbow inflammation (out for season)
2024-09-08,Brewers,,transferred to 60-day IL with surgery on lower back (out for season)
2024-09-09,Angels,,transferred to 60-day IL with strained left oblique (out for season)
2024-09-09,Yankees,• Jon Berti,activated from 60-day IL
2024-09-10,Angels,,transferred to 60-day IL with strained left forearm (out for season)
2024-09-10,Mariners,,transferred to 60-day IL with right elbow inflammation (out for season)
2024-09-10,Dodgers,• Yoshinobu Yamamoto,activated from 60-day IL
2024-09-12,Brewers,,transferred to 60-day IL with left elbow tendinitis (out for season)
2024-09-12,Brewers,• Enoli Paredes,activated from 60-day IL
2024-09-13,Rangers,,transferred to 60-day IL with surgery to repair hernia (out for season)
2024-09-13,Rangers,• Jacob deGrom,activated from 60-day IL
2024-09-13,Cubs,,placed on 60-day IL with fractured left ankle (out for season)
2024-09-16,Rockies,• Antonio Senzatela,activated from 60-day IL
2024-09-16,White Sox,• Yoan Moncada,activated from 60-day IL
2024-09-17,Blue Jays,,placed on 60-day IL with left knee inflammation (out for season)
2024-09-18,Dodgers,,transferred to 60-day IL with right elbow tendinitis (out for season)
2024-09-18,Pirates,,transferred to 60-day IL with right shoulder inflammation (out for season)
2024-09-18,Marlins,• Ryan Weathers,activated from 60-day IL
2024-09-20,Nationals,,transferred to 60-day IL with strained right biceps (out for season)
2024-09-20,Nationals,• Trevor Williams,activated from 60-day IL
2024-09-20,Orioles,• Danny Coulombe,activated from 60-day IL
2024-09-20,Yankees,• Cody Poteet,activated from 60-day IL
2024-09-22,Padres,,placed on 60-day IL with strained right elbow (out for season)
2024-09-24,Blue Jays,,transferred to 60-day IL recovering from surgery on right shoulder (out for season)
2024-09-24,Dodgers,,transferred to 60-day IL with right shoulder inflammation (out for season)
2024-09-24,Rangers,,transferred to 60-day IL with tightness in right shoulder (out for season)
2024-09-24,Reds,,transferred to 60-day IL with strained left elbow (out for season)
2024-09-24,Marlins,• Dane Myers,activated from 60-day IL
2024-09-24,Reds,• Ian Gibaut,activated from 60-day IL
2024-09-24,Reds,• Nick Martini,activated from 60-day IL
2024-09-25,Twins,• Justin Topa,activated from 60-day IL
2024-09-27,Twins,,transferred to 60-day IL with patellar tendinitis in left knee (out for season)
2024-09-27,Twins,• Kody Funderburk,activated from 60-day IL
2024-09-29,Astros,,transferred to 60-day IL with fractured fibula in left leg (out for season)
2024-09-29,Cubs,,transferred to 60-day IL with right knee tendinitis (out for season)
2024-09-30,Mets,,"transferred to 60-day IL recovering from ligament replacement (""Tommy John"") surgery on right elbow (out for season)"
2024-09-30,Royals,• Josh Taylor (Earl),activated from 60-day IL
2024-09-30,Royals,• Kyle Wright,activated from 60-day IL
2024-10-05,Mets,,placed on 60-day IL with spinal fluid leak (out for season)
2024-10-05,Mets,• Kodai Senga,activated from 60-day IL
2024-10-24,Angels,• Andrew Wantz,activated from 60-day IL
2024-10-24,Angels,• Jose Marte (Manuel),activated from 60-day IL
2024-10-28,Reds,• Christian Encarnacion-Strand,activated from 60-day IL
2024-10-28,Reds,• Matt McLain,activated from 60-day IL
2024-10-30,Royals,• Josh Taylor (Earl),activated from 60-day IL
2024-10-31,Athletics,• Esteury Ruiz,activated from 60-day IL
2024-10-31,Athletics,• Ken Waldichuk,activated from 60-day IL
2024-10-31,Athletics,• Luis Medina (Angel),activated from 60-day IL
2024-10-31,Athletics,• Miguel Andujar,activated from 60-day IL
2024-11-01,Reds,• Austin Wynns,activated from 60-day IL
2024-11-01,Reds,• Tejay Antone,activated from 60-day IL
2024-11-01,Royals,• Kyle Wright,activated from 60-day IL
